{"train loss": 0.4329953050542986, "val loss": 0.4347140336076615, "test acc": 0.8368, "lr": 0.1000019739143863, "_timestamp": 1724826398.9675531, "_runtime": 504.2478940486908, "_step": 499, "_wandb": {"runtime": 503}}