{"train loss": 0.4793928872487373, "val loss": 0.48637416658170635, "test acc": 0.8266, "_timestamp": 1724827176.6825118, "_runtime": 277.78379583358765, "_step": 499, "_wandb": {"runtime": 276}}