{"train loss": 0.5097451618378891, "val loss": 0.5173877477565846, "test acc": 0.8099, "_timestamp": 1724826271.296948, "_runtime": 702.2372469902039, "_step": 499, "_wandb": {"runtime": 699}}